folder,image_name
jerry,frame360.jpg
jerry,frame1794.jpg
jerry,frame1795.jpg
jerry,frame2231.jpg
jerry,frame2234.jpg
jerry,frame2941.jpg
jerry,frame2942.jpg
jerry,frame2943.jpg
jerry,frame2944.jpg
jerry,frame5399.jpg
jerry,frame5400.jpg
jerry,frame5401.jpg
jerry,frame5408.jpg
jerry,frame5436.jpg
tom,frame46.jpg
tom,frame715.jpg
tom,frame1684.jpg
tom,frame1685.jpg
tom,frame1686.jpg
tom,frame1768.jpg
tom,frame2215.jpg
tom,frame2154.jpg
tom,frame2160.jpg
tom,frame2946.jpg
tom,frame2947.jpg
tom,frame2948.jpg
tom,frame2949.jpg
tom,frame2950.jpg
tom,frame2951.jpg
tom,frame4579.jpg
tom,frame4580.jpg
tom,frame4581.jpg
